id,english,korean,korean_distractors,error_choices,phrase_distractors
1070000,Omelets Around the World,전 세계의 오믈렛,,,
1070099,https://cdata.tsherpa.co.kr/QRTextbook/22/contents/P2200229/QR/QR39/index.html,,,,
1070101,"{I} {have} / {a shell}, / but {I’m not} a crab.","저는 껍데기가 있지만, 게는 아니에요.",저는 껍데기가 있고 게이기도 해요.;저는 껍데기는 없지만 게예요.;저는 껍데기가 있지만 달팽이는 아니에요.;저는 게보다 큰 껍데기를 가지고 있어요.;저는 껍데기 안에 게가 있어요.,Me;has;shells;I not,/a hard shell;a small shell;two shells;a green shell;no shell/
1070102,"{I’m} {yellow} and {white}, / but {I’m not} a daisy.","저는 노랗고 하얗지만, 데이지 꽃은 아니에요.",저는 노랗고 하얗고 데이지 꽃이에요.;저는 노랗고 초록색이지만 데이지 꽃은 아니에요.;저는 하얗지만 노란색은 아니에요.;저는 노란 데이지 꽃보다 더 커요.;저는 노랗고 하얀 꽃을 가지고 있어요.,I are;yellowly;whites;I not,I’m red and white;I’m yellow and green;I’m black and white;I’m blue and yellow;I’m green and white/
1070103,"{I’m} {bigger than} / an **olive**, / but {I’m} {smaller than} / an **avocado**.","저는 올리브보다 크지만, 아보카도보다 작아요.",저는 올리브보다 작지만 아보카도보다 커요.;저는 올리브와 아보카도보다 모두 커요.;저는 올리브만큼 크고 아보카도만큼 작아요.;저는 올리브보다 크고 아보카도와 같은 크기예요.;저는 올리브와 아보카도 사이에 있어요.,I are;more big than;I are;more small than,/a lemon;a grape;a cherry;a tomato;a plum//
1070104,What / am I?,저는 무엇일까요?,저는 어디에 있을까요?;저는 누구를 좋아할까요?;저는 얼마나 클까요?;저는 무슨 색일까요?;저는 무엇을 먹을까요?,,/is it;are you;do I;is this;am you
1070201,{Do} {you} / {know} {the answer}?,여러분은 정답을 알고 있나요?,여러분은 질문을 이해하나요?;여러분은 답을 말하고 있나요?;여러분은 이 달걀을 알고 있나요?;여러분은 정답을 써야 하나요?;여러분은 답을 찾을 수 있나요?,Does;your;knows;an answer,/understand the question;know this dish;find the question;say the answer;write the question
1070202,"Yes, / {it} {is} / {an} {egg}.","네, 그것은 달걀입니다.","네, 그것은 게입니다.;아니요, 그것은 달걀이 아닙니다.;네, 그것은 아보카도입니다.;네, 그것은 데이지 꽃입니다.;아니요, 그것은 올리브입니다.",them;are;a;eggs,//a crab;a daisy;an avocado;an olive;a potato
1070203,{There are} / {many different} {egg dishes} / {around the world}.,전 세계에는 많은 다양한 달걀 요리가 있습니다.,전 세계에는 달걀 요리가 거의 없습니다.;전 세계에는 비슷한 달걀 요리만 있습니다.;많은 사람들이 전 세계에서 달걀을 먹습니다.;전 세계에는 많은 다양한 감자 요리가 있습니다.;전 세계의 모든 달걀 요리는 같습니다.,There is;much different;egg dish;around world,//in this town;at the festival;in one country;near the market;at home
1070204,What is / your favorite egg dish?,여러분이 가장 좋아하는 달걀 요리는 무엇인가요?,여러분이 가장 좋아하는 채소 요리는 무엇인가요?;여러분은 어떤 달걀 요리를 만들 수 있나요?;여러분이 가장 좋아하는 음식은 어디에서 왔나요?;여러분은 달걀 요리를 좋아하나요?;여러분은 어떤 오믈렛을 먹고 싶나요?,,/your easiest egg dish;your favorite dessert;your favorite meat dish;your best recipe;your favorite vegetable dish
1070205,How about / an omelet?,오믈렛은 어떤가요?,오믈렛은 무엇인가요?;오믈렛을 어떻게 만드나요?;오믈렛을 원하나요?;오믈렛은 어디에 있나요?;오믈렛을 좋아하나요?,,/an egg;some cheese;a potato;fried rice;a salad
1070301,{The omelet} {is} / {a popular} {egg dish}.,오믈렛은 인기 있는 달걀 요리입니다.,오믈렛은 만들기 어려운 달걀 요리입니다.;오믈렛은 인기 있는 감자 요리입니다.;오믈렛은 특별한 축제의 이름입니다.;오믈렛은 전 세계에서 인기 없는 음식입니다.;오믈렛은 기름 없이 만드는 달걀 요리입니다.,Omelet;are;an popular;egg dishes,/a simple potato dish;a famous meat dish;a special rice dish;an unpopular egg dish;a popular dessert
1070302,{You} {can make} / {it} {easily}.,여러분은 그것을 쉽게 만들 수 있습니다.,여러분은 그것을 쉽게 먹을 수 있습니다.;여러분은 그것을 어렵게 만들 수 있습니다.;여러분은 그것을 매일 만들어야 합니다.;여러분은 그것을 기름 없이 만들 수 있습니다.;여러분은 그것을 쉽게 살 수 있습니다.,Your;can makes;them;easy,/can eat it;should make it;can buy it;can cook them;will make it
1070303,{You} {beat} / some {eggs} / and {fry} them / in **oil**.,여러분은 약간의 달걀을 풀어 기름에 부칩니다.,여러분은 달걀을 삶아 기름에 넣습니다.;여러분은 약간의 달걀을 풀어 물에 삶습니다.;여러분은 달걀과 감자를 섞어 기름에 부칩니다.;여러분은 달걀을 깨지 않고 기름에 넣습니다.;여러분은 달걀을 풀어 치즈와 함께 굽습니다.,Your;beats;egg;fries,/some potatoes;some vegetables;the omelet;some cheese;some meat//
1070304,That / is all.,그게 다입니다.,그것은 시작일 뿐입니다.;그것은 아주 어렵습니다.;그것이 필요한 재료입니다.;그것은 마지막 단계가 아닙니다.;그것이 가장 중요한 부분입니다.,,/everything;enough;the end;the recipe;simple
1070305,{Do} {you want} / {a more delicious} {omelet}?,여러분은 더 맛있는 오믈렛을 원하나요?,여러분은 더 큰 오믈렛을 원하나요?;여러분은 더 간단한 오믈렛을 만들 수 있나요?;여러분은 맛있는 오믈렛을 먹어 보았나요?;여러분은 오믈렛을 더 많이 만들고 싶나요?;여러분은 더 매운 오믈렛을 원하나요?,Does;you wants;more deliciouser;omelets,/a bigger omelet;a simpler omelet;a more colorful omelet;a smaller omelet;a hotter omelet
1070306,"Just {add} / {cheese}, {vegetables}, or {meat}.","그저 치즈, 야채, 또는 고기를 넣어 보세요.","그저 달걀, 감자, 또는 기름을 넣어 보세요.;치즈와 야채는 넣지 마세요.;그저 치즈, 야채, 또는 고기를 볶으세요.;그저 소금과 후추만 넣어 보세요.;그저 치즈, 야채, 또는 고기를 빼 보세요.",adds;cheeses;vegetable;meats,/some eggs;some potatoes;some rice;some fruit;some bread
1070307,{It} {will} / {taste} {better}!,그것은 더 맛있을 것입니다!,그것은 더 나빠질 것입니다!;그것은 더 커질 것입니다!;그것은 더 빨리 익을 것입니다!;그것은 더 쉽게 만들어질 것입니다!;그것은 더 비쌀 것입니다!,Them;will be;tastes;more better,/worse;different;sweeter;strange;the same
1070401,{There is} / {an interesting} {story} / {about omelets}.,오믈렛에 관한 재미있는 이야기가 하나 있습니다.,오믈렛을 만드는 흥미로운 방법이 하나 있습니다.;달걀에 관한 슬픈 이야기가 하나 있습니다.;나폴레옹에 관한 유명한 그림이 하나 있습니다.;오믈렛 축제에 관한 규칙이 하나 있습니다.;오믈렛에 관한 재미없는 이야기가 하나 있습니다.,There are;a interesting;stories;about omelet,//about eggs;about Napoleon;about potatoes;about festivals;about cooking
1070402,"One day, / **Napoleon** and his {army} / {stayed} {near} / the {town} of **Bessières**.","어느 날, 나폴레옹과 그의 군대가 베시에르 마을 근처에 머물렀습니다.","어느 날, 나폴레옹과 그의 군대가 베시에르 마을을 떠났습니다.;어느 날, 나폴레옹 혼자 베시에르 마을에 머물렀습니다.;어느 날, 나폴레옹과 그의 군대가 베시에르 마을에서 싸웠습니다.;어느 날, 나폴레옹과 그의 가족이 베시에르 마을 근처에 머물렀습니다.;어느 날, 나폴레옹의 군대가 베시에르에서 오믈렛 축제를 열었습니다.",armies;stay;nearly;towns,/his family;his friends;his soldiers only;his cooks;his people//
1070403,"**Napoleon** {tried} / {an omelet} / from the {town}, / and he {enjoyed} it very much.","나폴레옹은 마을에서 만든 오믈렛을 먹어 보았고, 그는 그것을 매우 즐겼습니다.",나폴레옹은 마을에서 오믈렛을 만들었지만 좋아하지 않았습니다.;나폴레옹은 군대를 위해 오믈렛을 주문했고 매우 즐겼습니다.;나폴레옹은 마을의 감자 요리를 먹어 보았고 매우 즐겼습니다.;나폴레옹은 마을에서 만든 오믈렛을 먹어 보았지만 남겼습니다.;나폴레옹은 오믈렛 축제를 보고 매우 즐겼습니다.,try;omelets;towns;enjoy,/a potato dish;a rice dish;a giant omelet;some fried eggs;a special dessert//
1070404,{He} {asked for} / {a giant} {omelet} / for his **army** / the next day.,그는 다음날 그의 군대를 위해 거대한 오믈렛을 요청했습니다.,그는 그날 그의 가족을 위해 작은 오믈렛을 요청했습니다.;그는 다음날 자신의 군대에게 오믈렛을 만들라고 가르쳤습니다.;그는 다음날 마을 사람들을 위해 거대한 오믈렛을 만들었습니다.;그는 다음날 그의 군대를 위해 감자를 요청했습니다.;그는 다음날 그의 군대를 위해 여러 개의 작은 오믈렛을 요청했습니다.,Him;ask for;an giant;omelets,/a small omelet;a giant potato;a large cake;a thin omelet;a special meal//
1070405,"These days, / {people} in **Bessières** / {make} {a giant omelet} / for their {omelet festival} / every year.","오늘날, 베시에르 사람들은 매년 오믈렛 축제를 위해 거대한 오믈렛을 만듭니다.","오늘날, 베시에르 사람들은 매일 거대한 오믈렛을 만듭니다.;오늘날, 베시에르 사람들은 축제를 위해 작은 오믈렛을 만듭니다.;오늘날, 나폴레옹의 군대가 매년 오믈렛 축제를 엽니다.;오늘날, 베시에르 사람들은 감자 축제를 위해 거대한 오믈렛을 만듭니다.;오늘날, 베시에르 사람들은 오믈렛 축제를 열지 않습니다.",peoples;makes;giant omelets;omelets festival,/Napoleon’s army;many tourists;the town’s cooks;some soldiers;French farmers///
1070501,{People} {around the world} / {have} {their own} omelet recipes.,전 세계 사람들은 그들만의 오믈렛 요리법을 가지고 있습니다.,전 세계 사람들은 모두 같은 오믈렛 요리법을 가지고 있습니다.;전 세계 사람들은 오믈렛 요리법을 거의 모릅니다.;베시에르 사람들만 자신만의 오믈렛 요리법을 가지고 있습니다.;전 세계 사람들은 그들만의 달걀 축제를 가지고 있습니다.;전 세계 사람들은 나폴레옹의 오믈렛 요리법을 사용합니다.,Person;around world;has;them own,/in one country;in Bessières;from Spain;in Asia;at festivals
1070502,**Tortilla de Patata** {is} / {a} {Spanish} {omelet}.,Tortilla de Patata(토르티야 데 파타타)는 스페인 오믈렛입니다.,Tortilla de Patata는 말레이시아 오믈렛입니다.;Tortilla de Patata는 스페인 감자 요리이지만 오믈렛은 아닙니다.;Tortilla de Patata는 인도네시아의 볶음밥입니다.;Tortilla de Patata는 프랑스 축제 음식입니다.;Tortilla de Patata는 싱가포르의 얇은 오믈렛입니다.,are;an;Spain;omelets,/a Malaysian omelet;an Indonesian omelet;a French omelet;a Singaporean omelet;a giant omelet
1070503,"{In} **Spanish**, / ‘**patata**’ {means} / ‘{a} {potato}.’",스페인어로 ‘patata’는 ‘감자’를 의미합니다.,스페인어로 ‘patata’는 ‘달걀’을 의미합니다.;스페인어로 ‘patata’는 ‘오믈렛’을 의미합니다.;스페인어로 ‘patata’는 ‘쌀’을 의미합니다.;스페인어로 ‘patata’는 ‘축제’를 의미합니다.;스페인어로 ‘patata’는 ‘마을’을 의미합니다.,On;mean;an;potatoes,//‘an egg’;‘an omelet’;‘some rice’;‘a festival’;‘a town’
1070504,{You} {need} / {eggs and potatoes} / {for} this omelet.,여러분은 이 오믈렛을 위해 달걀과 감자가 필요합니다.,여러분은 이 오믈렛을 위해 달걀과 닭고기가 필요합니다.;여러분은 이 오믈렛을 위해 감자만 필요합니다.;여러분은 이 오믈렛을 위해 볶음밥이 필요합니다.;여러분은 이 오믈렛을 위해 달걀과 치즈가 필요합니다.;여러분은 이 오믈렛을 위해 얇은 오믈렛이 필요합니다.,Your;needs;egg and potato;to,/eggs and cheese;eggs and rice;potatoes and meat;eggs and vegetables;rice and potatoes/
1070505,"In **Malaysia**, / {people} {wrap} / {chicken fried rice} / {with} a thin omelet.",말레이시아에서 사람들은 닭고기 볶음밥을 얇은 오믈렛으로 감쌉니다.,말레이시아에서 사람들은 감자를 얇은 오믈렛으로 감쌉니다.;말레이시아에서 사람들은 닭고기 볶음밥을 두꺼운 빵으로 감쌉니다.;말레이시아에서 사람들은 얇은 오믈렛을 닭고기 볶음밥으로 감쌉니다.;인도네시아에서만 사람들은 닭고기 볶음밥을 얇은 오믈렛으로 감쌉니다.;말레이시아에서 사람들은 닭고기 볶음밥과 오믈렛을 따로 먹습니다.,person;wraps;chickens fried rice;by,//potato fried rice;vegetable fried rice;plain rice;chicken and potatoes;fried eggs/
1070506,{The name} / {of} this {special omelet} / {is} **Nasi Goreng Pattaya**.,이 특별한 오믈렛의 이름은 Nasi Goreng Pattaya(나시 고렝 파타야)입니다.,이 특별한 오믈렛의 이름은 Tortilla de Patata입니다.;Nasi Goreng Pattaya는 이 특별한 볶음밥의 이름입니다.;이 특별한 오믈렛은 이름이 없습니다.;이 특별한 오믈렛의 이름은 Bessières입니다.;이 특별한 오믈렛의 이름은 Napoleon Omelet입니다.,The names;for;special omelets;are,/of this Spanish omelet;of this giant omelet;of this potato dish;of this egg festival;of this fried rice/
1070507,{It} {is} / {also} {popular} / in **Indonesia** and **Singapore**.,그것은 인도네시아와 싱가포르에서도 인기가 있습니다.,그것은 말레이시아에서만 인기가 있습니다.;그것은 인도네시아에서는 인기가 있지만 싱가포르에서는 아닙니다.;그것은 스페인과 프랑스에서도 인기가 있습니다.;그것은 인도네시아와 싱가포르에서는 잘 알려져 있지 않습니다.;그것은 베시에르와 말레이시아에서도 인기가 있습니다.,Them;are;too;popularly,/only popular;not popular;very popular;quite popular;still popular/
1070508,{Do} {you} / {feel} {hungry} / now?,여러분은 지금 배가 고픈가요?,여러분은 지금 행복한가요?;여러분은 지금 오믈렛을 만들고 있나요?;여러분은 지금 피곤한가요?;여러분은 지금 목이 마른가요?;여러분은 지금 배가 부른가요?,Does;your;feels;hungrily,/feel tired;feel happy;feel thirsty;feel full;feel sleepy/
1070509,{How about} / {trying} {an} {omelet}?,오믈렛을 먹어 보는 건 어떤가요?,오믈렛을 만드는 건 어떤가요?;오믈렛을 주문하는 건 어떤가요?;감자 요리를 먹어 보는 건 어떤가요?;달걀을 사는 건 어떤가요?;오믈렛 축제에 가는 건 어떤가요?,How to;try;a;omelets,/making an omelet;ordering an omelet;trying a potato dish;buying some eggs;visiting an omelet festival
